{"number_episodes": 25, "episode_rewards": [789.5999999999584, 908.1999999999917, 911.1999999999852, 918.6999999999894, 789.1999999999585, 849.4999999999688, 914.4999999999891, 905.8999999999842, 885.8999999999791, 901.6999999999836, 826.1999999999671, 820.5999999999638, 915.5999999999913, 892.3999999999802, 909.3999999999828, 891.8999999999775, 922.3999999999866, 845.7999999999786, 820.5999999999708, 916.1999999999819, 932.3999999999861, 890.1999999999772, 889.399999999979, 920.3999999999855, 908.3999999999843], "mean_all_episodes": 883.0519999999792, "std_all_episodes": 42.32270426143332}