{"episode_rewards": [841.7181818181634, 742.1939068100206, 798.8898989898805, 809.5573208722537, 709.1105263157729, 818.8189189188996, 739.3648829431293, 821.5417910447582, 762.8737609329303, 768.6943262411204, 748.4714285714148, 768.6943262411204, 785.8315589353414, 772.6915194346124, 751.211953352755], "mean": 775.9776200948115, "std": 35.208457442436156}