{"episode_rewards": [873.484905660364, 848.7188976377817, 631.8587628865815, 697.1972972972794, 575.3966887417083, 881.8494584837446, 700.5230529594827, 356.85364238409136, 505.2639846743126, 870.4882352940974], "mean": 694.1634926019444, "std": 170.25217157315234}