{"number_episodes": 2, "episode_rewards": [910.8999999999912, 732.2999999999445], "mean_all_episodes": 821.5999999999678, "std_all_episodes": 89.30000000002337}