{"number_episodes": 4, "episode_rewards": [789.5999999999584, 908.1999999999917, 911.1999999999852, 918.6999999999894], "mean_all_episodes": 881.9249999999812, "std_all_episodes": 53.440872700596856}