{"number_episodes": 11, "episode_rewards": [789.5999999999584, 908.1999999999917, 911.1999999999852, 918.6999999999894, 789.1999999999585, 849.4999999999688, 914.4999999999891, 905.8999999999842, 885.8999999999791, 901.6999999999836, 826.1999999999671], "mean_all_episodes": 872.7818181817959, "std_all_episodes": 47.95973345483647}