{"episode_rewards": [813.3328358208785, 888.6218045112576, 864.6435897435732, 873.5842105262956, 796.4517241379193, 875.2521126760362, 841.0764705882232, 861.8047619047426, 884.8624060150171, 846.7438538205856, 896.2503649634834, 880.4447470816976, 874.7201438848728, 870.9610932475714, 839.197124600625], "mean": 860.529816234852, "std": 27.23577497754048}