{"number_episodes": 16, "episode_rewards": [789.5999999999584, 908.1999999999917, 911.1999999999852, 918.6999999999894, 789.1999999999585, 849.4999999999688, 914.4999999999891, 905.8999999999842, 885.8999999999791, 901.6999999999836, 826.1999999999671, 820.5999999999638, 915.5999999999913, 892.3999999999802, 909.3999999999828, 891.8999999999775], "mean_all_episodes": 876.9062499999782, "std_all_episodes": 44.49503439641835}