{"number_episodes": 3, "episode_rewards": [891.699999999992, 880.3999999999776, 810.0999999999638], "mean_all_episodes": 860.7333333333112, "std_all_episodes": 36.099153575806355}