{"number_episodes": 2, "episode_rewards": [824.1999999999657, 843.0999999999675], "mean_all_episodes": 833.6499999999667, "std_all_episodes": 9.450000000000898}