{"number_episodes": 7, "episode_rewards": [789.5999999999584, 908.1999999999917, 911.1999999999852, 918.6999999999894, 789.1999999999585, 849.4999999999688, 914.4999999999891], "mean_all_episodes": 868.6999999999773, "std_all_episodes": 54.65455150306774}