{"number_episodes": 6, "episode_rewards": [910.8999999999912, 732.2999999999445, 741.2999999999477, 909.599999999982, 893.4999999999826, 855.999999999977], "mean_all_episodes": 840.5999999999709, "std_all_episodes": 75.63953992458369}



























































































































































































|